Localidad,Categoría ,Prestadores,Web,Funcionamiento,Observaciones,Dirección,Teléfono fijo,WhatsApp,Plazas totales
VG,Hotel 3*,Abetaia  ,Si,Abierto T.A  / Cierra del 05/03 al 20/12.,,Avenida 5 Nº 467 e/ Paseos 104 y 105,(02255) 46-2454,5491160288924,98
VG,Sin categorizar,25 de Noviembre II - Sindicato de Obreros Marítimos Unidos (S.O.M.U.)  ,Si,Abierto todo el año.  A partir de Marzo alquilan a particulares ,"No pedir reservas, No pedir tarifas, No pedir ocupacion, No pedir diponibilidad",Paseo 108 Nº 211 y Avenida 2,(02255) 46-2242 // 46-7381,,88
LG,Departamentos con servicios,30 y Playa,Oculto,,,Calle 30 y Playa,No posee.,54 9 2254 59-5045,168
VG,Hotel 2*,Acquamarina ,Si,Cerrado h. 17/08,,Avenida 1 Nº 759 e/ Paseos 107 y 108,(02255) 46-6031,5492236810419,44
VG,Sin categorizar,Agua de Coco,Si,Abierto T.A. / Abre el 26/12.,,Paseo 112 Nº 40 e/ Paseo Costanero y Avenida 1,(02255) 46-4633,5491165207288,60
VG,Hotel 2*,Águila Blanca  ,Si,Abierto T.A  Abre 1° de Diciembre,,Paseo 137 Nº 267 e/ Avenidas 2 y 3,(02255) 47-6132,5491159298520,50
VG,Sin categorizar,Agustina A.O.M.A  ,Si,Abierto todo el año.,,Avenida 2 Nº 699 y Paseo 107,(02255) 47-5986,5491125334275,48
MDLP,Cabaña,Abvai  ,Oculto,,,Piedrabuena y Juan de Garay,,,21
VG,Sin categorizar,Albatros  ,Si,Abierto T.A. / abre el 29 de diciembre.,,Paseo 141 bis Nº 350 e/ Avenidas 3 y 4,(02255) 47-6179,5492255420477,52
VG,Hotel 2*,Aldea Marina  ,Si,Abierto todo el año.,,Avenida 3 Nº 1481 e/ Paseos 114 y 115,(02255) 46-2775,5492255408126/ 5492255417716,42
VG,Hotel 2*,Alfil  ,Si,Abierto T.A. / Abre en enero,,Paseo 119 Nº 355 e/ Avenidas 3 y 4,(02255) 46-2832,5491160951693,85
VG,Departamentos con servicios,Alma Natura  ,Si,Abierto todo el año. Cerrado por reformas. Abre en septiembre,,Paseo 128 Nº 118,(02255) 45-7548,5492255534397,40
VG,Hotel 2*,Adriático,No,No figura en la web.,,Avenida Buenos Aires N° 174, (02255) 46-8358,,
VG,Camping,Áfrika,Oculto,Oculto en web.,,,(02255) 45-8507,,800
VG,Apart Hotel,Alpemar ,Si,Abierto todo el año.,,Avenida 1 e/ Paseos 114 y 115,(02255) 45-2510 ,5491140447616,86
VG,Hostería 2*,Anchimalen  ,Si,Reabre en octubre.,,Avenida 4 y Paseo 106,(02255) 46-2380 / 47-2380,5492255414066 / 5492255621007 ,40
VG,Hotel 2*,Arco Iris  ,Si,Abre el 27/12,,Paseo 107 Nº 199 y Avenida 2,(02255) 46-7844,5491161779041,60
VG,Departamentos con servicios,Arenas Blandas ,Si,Abierto todo el año.,,Calle 310 e/ Alamedas 206 bis y 207,(02255) 47-8481 ,5492255478481,112
VG,Sin categorizar,Armony  ,Si,Abierto todo el año.,,Avenida 8 Nº 649 e/ Paseos 106 y 107,(02255) 46-2544,5491136978349,38
VG,Hotel,Augusta - SUTECBA  ,Si,Abierto T.A.,,Avenida 2 Nº 817 e/ Paseos 108 y 109,(02255) 45-8167,,55
VG,Hotel 2*,Bamba  ,Si,Abierto T.A.,,Paseo 108 Nº 176 e/ Avenidas 1 y 2,(02255) 46-2681,5492255408639,35
VG,Hotel 1*,Bariloche  ,Si,Cerrado hasta fin de año.,,Paseo Costanero Nº 63 e/ Avenida Buenos Aires y Calle 301,No posee.,5492233406912,62
VG,Sin categorizar,Barracuda  ,Si,Abre los fines de semana.,,Paseo Costanero y Paseo 121 N° 6,(02255) 46-3260,5491122555771,32
VG,Hosteria 2*,Bavaria ,Si,Abre en octubre.,,Avenida 3 Nº 2361,(02255) 46-2361,5491124002215,22
VG,Hotel 2*,Bella Vista  ,Si,Reabre en octubre.,,Paseos 114 Nº 256 e/ Avenidas 1 y 3,(02255) 46-2293,5491167677040/ 5492235031971,50
VG,Sin categorizar,Boiano  ,Si,Abierto T.A.  Abre 27 de diciembre,,Avenida 3 Nº 3570 e/ Paseos 135 y 136,(02255) 46-6121,5492255532063,53
VG,Camping,Cáravan  ,Si,Cerrado hasta 24/12,,Circunvalación y Paseo 101,,5492267400845,1200
VG,Camping,Casablanca ,Si,"Abierto todo el año. Consultar junto al Camping de Ingenieros.
",,Avenida 3 y Paseo 172,(022525) 47-0771,5492215549045,480
VG,Hostería 3*,Casablanca  ,Si,Abierto todo el año.,,Avenida 1 y Paseo 103 bis,(02255) 46-8763,5492255605441,42
VG,Hotel 2*,Castilla  ,Si,Abre en noviembre.,,Avenida Buenos Aires Nº 76,(02255) 46-4100 / 5982,5492255607680,100
VG,Hostería 1*,Ceferino  ,Si,Abre el 16 de diciembre.,No pedir tarifas,Paseo 117 Nº 279 e/ Avenidas 2 y 3,(02255) 46-2502 / 2267631142 / 2255507333,5492255507333,54
VG,Hotel 2*,Cervantes  ,Si,Abre el 20 de noviembre,,Avenida 3 Nº 2007 y Paseo 120,(02255) 46-2435,5492255420101,100
VG,Hostería,Chaltú ,Si,Abre el 19/12,,Calle 308 e/ Alamedas 201 y 205, (02255) 45-8801,5492255410868,34
VG,Sin categorizar,Citymar  ,Si,Abierto todo el año.,,Paseo 119 Nº 135 e/ Avenidas 1 y 2,(02255) 46-2348,5492255525311,110
VG,Hotel 2*,Cocco´s  ,Si,abren el 29/12,, Avenida 1 Nº 1018 e/ Paseos 110 y 111,(02255) 46-2580,5492267452593,54
VG,Hotel,Colonial  ,Si,"Abre en diciembre.
",,Paseo 106 N° 498,(02255) 46-2351,5491158803187,63
VG,Apart Hotel,Complejo Sakura  ,Si,Abierto todo el año.,No pedir tarifas,Avenida 1 Nº 1847 e/ Paseos 118 y 119,(02255) 46-7766,5492267531565 / 5492267676202 ,72
VG,Hosteria 2*,Conti  ,Si,Abre en T.A.,,Paseo 109 Nº 354 e/ Avenidas 3 y 4,(02255) 46-2032 ,5491138814133,34
VG,Hostería ,Costa Azul  ,Si,Abre en noviembre,,Paseo 141 Nº 231 e/ Avenidas 2 y 3,(02255) 47-6035,5492255607131 / 5492255410556 ,39
VG,Sin categorizar,Costa Imperial ,Si,Abre los fines de semana.,,Paseo 140 e/ Avenidas 4 y 5,(02255) 47-8138,5492255417247 / 5492255420116,46
VG,Apart Hotel,Cote D´or ,Si,Abierto todo el año Abre el 20/12,Llamar por la mañana,Paseo Costanero Norte Nº 361 E/ Paseo 103 Bis y 104,(02255) 46-2198,Llamar por la mañana 5491145545381,40
VG,Apart Hotel,Cote D´or Express  ,Si,Abre el 13 de diciembre.,Llamar por la mañana,Pasaje Costanero Norte Nº 385 e/Paseos 103 bis y 104,(02255) 46-2198,Llamar por la mañana 5491145545381,80
VG,Sin categorizar,Crepúsculo ,Si,,,Avenida 10 Nº 514 e/ Paseo 105 y 106,1159802430,549135726545,64
LG,Sin categorizar,Altos Pampas,Si,Abierto T.A. Gremial,"Sin contacto, No pedir tarifas",Punta del Este y Calle 28,,,
VG,Sin categorizar,Danubio  ,Si,Reabre en octubre.,,Paseo 105 Nº 221 e/ Avenidas 2 y 3,(02255) 46-2328,,54
VG,Hotel 2*,Demi ,Si,Abre el 26/12,,Avenida 3 y Paseo 111,(02255) 46-2658,5492255573894,47
VG,Hotel 1*,Denis (Denisse) ,Si,Abierto T.A.,,Avenida 1 e/ Paseos 116 y 117, (02255) 46-2661,5491158803187,98
VG,Hosteria 2*,Dino´s  ,Si,Cerrado h. 17/08,,Avenida 3 Nº 1187 e/ Paseos 111 y 112,(02255) 46-2028,5491165283555,58
VG,Departamentos con servicios,Dock Playa  ,Si,Abierto todo el año.,,Paseo 151 e/ Avenidas 1 y 2,,5491159259813,75
VG,Sin categorizar,Domenico  ,Si,Abierto T.A.,"Solo enviar whaTsapp, no contestan el telefono para datos, por seguridad",Avenida 3 y Paseo 118 Nº 1787,No consultar ocupacion al fijo (02255) 47-6680 ,5492255414645,22
CM,Sin categorizar,Domos Park (Glamping),Si,Abierto todo el año.,,Paseo 162 y playa,No posee.,5491134127788,16
MDLP,Departamentos con servicios,Aquímequedo   ,No,Nuevos administradores no renovaron.,,Mercedes Sosa e/ Hudson y Cuyo Nº 131,(02255) 47-9884 // 11 3135-5902,5492255403903,65
VG,Sin categorizar,Dos Reyes  ,Si,Abierto todo el año.,,Paseo 105 Nº 367 e/ Avenidas 3 bis y 4,(02255) 45-4557,5492255525311,36
VG,Apart Hotel,Dulce Naranja ,Si,Abierto todo el año.,,Avenida 1 Nº 4380 y Paseo 144,,5491149695174,40
VG,Hostería 1*,Edelweiss  ,Si,Abierto T.A.,,Alameda 206 e/ Calles 303 y 304,(02255) 45-8033,5491128603161,37
VG,Hotel,Edith ,Si,"Abre fdsl, vacaciones  y temporada alta.",,Paseo 109 Nº 347 e/ Avenidas 3 y 4, (02255) 46-2304,5492255535547/ 5493402502480 ,63
VG,Hotería 1*,El Bosque  ,Si,Abierto todo el año.,,Avenida 3 Nº 1441 e/ Paseos 114 y 115,(02255) 46-2025,5492255532086,46
VG,Hotel 2*,El Cisne  ,Si,Abre el 25/12,,Avenida 4 Nº 330 e/ Paseos 102 y 104,(02255) 46-3456,5492233062571,52
LG,Apart Hotel,Arena Azul II,No,,,Calle 29 N° 73,,,
LG,Apart Hotel,Arena de Mar ,Si,Abierto todo el año.Solo propietarios,No pedir ocupacion,Punta del Este y Almirante Brown,No posee.,,36
VG,Apart Hotel,El Dragón de Oro  ,Si,Abre en diciembre.,,Avenida 1 Nº 807,(02255) 46-3309,5492267402048,104
VG,Hotel 2*,El Duri  ,Si,"Cerrado, reabre en diciembre.",,Paseo 116 Nº 245 e/ Avenidas 2 y 3,Bagu,5491136417798,70
VG,Apart Hotel,El Horreo  ,Si,"Cerro en marzo, Abre en noviembre.",Llamar por la mañana,Avenida 4 Nº 1458 e/ Paseos 114 y 115,(02255) 47-4458,Llamar por la mañana 5491168485281/ 5491160934458 ,47
VG,Camping,El Pucará  ,Si,Abierto todo el año.,,Calle 313 y Alameda 201,(02255) 45-8462,5492267527552,500
VG,Hospedaje,Arglahu,Si,Abierto T.A.,Sin contacto,Avenida 5 Nº 426 e/ Paseos 104 y 105,,,28
VG,Departamentos con servicios,El Viejo Jardín,Si,Abierto todo el año. ,No pedir tarifas,Avenida 4 Nº 624 entre Paseos 106 y 107,(02255) 45-4298,5492255508629,36
MDLP,Cabaña,Aroma´s ,Oculto,Oculto en web.,,Hudson N° 88 e/ Mercedes Sosa y J. V. González,(02255) 45-2882,,40
VG,Deptos con Servicios,Entreverdes  ,Si,Del 19/07 al 4/08 abrimos / cerrado por reformas h. el 20/11,,Calle 306 y Alameda 209,(02255) 47-0300/0236,5492255419995,44
VG,Departamentos con servicios,Espacio Marina,Si,Abierto todo el año,,Avenida 1 entre Paseos 150 y 151,,5491151545348,96
VG,Hostería 1*,Estilo Norte  ,Si,Abre el 15 de diciembre,,Alameda 201 Nº 761 e/ Calles 307 y 308,(02255) 46-5544,5491163813917,24
VG,Hotel 4*,Atlántico ,Si,,Malos tratos,Paseo Costanero y Paseo 105,(02255) 46-2561 ,1165401848,111
VG,Hostería 1*,Esturión Village ,Si,Abierto T.A.,,Paseo 108 Nº 199 y Avenida 2,(02255) 46-2047,5491145571656,31
VG,Hotel 2*,Flor de Lis  ,Si,Cerrado ,,Avenida 4 Nº 466 e/ Paseos 104 y 105,(02255) 46-2529,5491130083369/ 5491136120772,56
VG,Sin categorizar,Fontanet  ,Si,"Cerrado, h. 30/12",,Paseo 114 Nº 210,(02255) 45-7818 // 2255416090,5491151507765 / 54 9 2255 530559,100
VG,Hotel 2*,Gran Mar ,Si,,,Avenida 1 Nº 1932 e/ Paseos 119 y 120, (02255) 46-2083,5492255622534,64
VG,Hospedaje,Halloween,Si,Abierto T.A.,,Avenida 5 Nº 595 e/ Paseos 105 y 106, (02255) 46-2537,5491169747857,60
VG,Hotel 2*,Hansa  ,Si,Abre en diciembre.,,Alameda 205 y Calle 302,(02255) 45-8029,5492342449243,52
VG,Hostería 1*,Barca  ,Oculto,Oculto en web.,,Avenida 3 Nº 1416 e/ Paseos 114 y 115,(02255) 46-2223,2267662439,25
VG,Cabaña,Harmony  ,Si,Abierto todo el año.,,"Avenida 2 Nº 4854 e/ Paseos 148 y 149
",(02255) 46-0311,,65
VG,Sin categorizar,Hostería del Sur  ,Si,Abre 26/12,,Avenida 3 Nº 4734 e/ Paseos 147 y 148,(02255) 47-0358,5491136457755,43
VG,Hosteria 2*,Huentala  ,Si,Abre a fines de diciembre.,,Paseo 110 Nº 98 y Avenida 1,(02255) 46-2843,5492267469217/ 5491121722628,57
VG,Sin categorizar,Helvética ,Si,"Cerrado, abre en diciembre.",,Avenida 1 Nº 748 e/ Paseos 107 y 108,,,40
VG,Sin categorizar,Hola Ola  ,Si,Cerrado,,Avenida 5 Nº 474,,,34
VG,Sin categorizar,Ibiza  ,Si,Abierto todo el año.,,Avenida 3 Nº 3755 e/ Paseos 137 y 138,(02255) 47-6316,5492255410087 / 5491168021743,70
VG,Hotel 2*,Belle Maison ,No,No figura en la web.,,Avenida 4 N° 621,,,
VG,Hotel 2*,Belvedere ,Oculto,Oculto en web.,,Avenida Buenos Aires y Avenida 1,(02255) 46-8399,,69
VG,Hotel,Indiana (S.E.C. Lomas de Zamora),Si,Abierto T.A.,,Paseo 115 N° 44 e/ Paseo Costanero y Avenida 1,(02255) 46-2329,,44
VG,Sin categorizar,Intersur  ,Si,Abierto todo el año. ,No pedir tarifas,Paseo 111 Nº 18 y Paseo Costanero,(02255) 46-2579/ 2685,5492255573032,320
VG,Hostería 1*,Jabalí ,Si,Abierto T.A.,,Avenida 5 Nº 455 e/ Paseos 104 y 105,,5491168876235,48
VG,Cabaña,Ku´ei Cabañas   ,Si,Reabre en octubre.,,Avenida 1 y Paseo 148,(02255) 47-0794,5491140985319,60
VG,Apart Hotel,La Aguada  ,Si,"reabre en Vacaciones de Invierno
",No pedir tarifas,Alameda 201 N° 653 e/ 306 y 307,(02255) 47-2781,5491161518821,34
VG,Sin categorizar,La Curva,Si,Abierto T.A.,,Avenida 4 Nº 621 e/ Paseos 106 y 107,,5491138901517,17
VG,Hostel,La Deseada  ,Si,Cerrado H/ 26/12,,Avenida 6 Nº 1883 e/ Paseos 118 y 119,(02255) 47-3276,5492255404989,50
VG,Hotel 2*,La Fontana  ,Si,Abre el 26 de diciembre. ,,Paseo 109 Nº 48 e/ Paseo Costanero y Avenida 1,(02255) 46-2391,5491158820609,106
MA,Apart Hotel,Cabañas del Bosque (6 u),No,No figura en la web.,,Punta del Este y Calle 43,,,
VG,Hostería 1*,La Lomita  ,Si,Abre los fines de semana.,,Avenida 6 Nº 421  ,(02255) 46-8734 ,,32
VG,Departamentos con servicios,La Morada  ,Si,Abierto todo el año.,,Avenida 2 N° 1605 y Paseo 116,(02255) 46-2006,5492255409015,40
VG,Sin categorizar,La Palmera  ,Si,Abierto todo el año.,,Paseo 140 e/ Avenidas 3 y 4,(02255) 46-0551,5491137868102,29
LG,Cabaña ó Apart Hotel,Caleumen,Oculto,Oculto en web.,,Calle 33 e/ Copacabana y Punta del Este,(02255) 45-0260,,18
VG,Hostería 1*,Cámelot,No,No figura en la web.,,Avenida 1 N° 4917 entre Paseo 149 y 150,(02255) 45-6027,,
VG,Sin categorizar,La Redonda  ,Si,Abierto T.A.,,Avenida 1 Nº 996,(02255) 46-7848,,36
VG,Hostería 3*,Cantábrico,No,No figura en la web.,,Paseo 102 N° 221, (02255) 46-2835,5492255524867,
VG,Sin categorizar,Las Cuarenta  ,Si,Abierto todo el año.,,Avenida 4 y Paseo 140,(02255) 45-5477,5492255417742,100
VG,Sin categorizar,Las Golondrinas  ,Si,Abierto todo el año.,,Avenida 3 Nº 964 e/ Paseos 108 y 109,(02255) 46-8112 / 0950,5492255607112,90
VG,Sin categorizar,Las Grullas ,Si,Abierto todo el año.,,Avenida 5 N° 644,(02255) 45-7867,5491124002215 / 5492267418083 ,40
VG,Hostería 3*,Las Mutisias  ,Si,Abre el 20 diciembre.,,Avenida 1 N° 4615 y Paseo 146,(02255) 47-0316 ,5491168623691,54
VG,Hosteria 2*,Lindau ,Si,CERRADO H. EL 1 de enero,,Avenida 3 Nº 2342 e/ Paseos 123 y 124,(02255) 46-2766,5491144093215,40
VG,Cabaña,Loma Escondida  ,Si,Abierto todo el año ,,Avenida 1 y Paseo 141 bis,,5491162797184,70
VG,Hostería 1*,Los Amigos  ,Si,Abierto todo el año.,,Paseo 115 Nº 165 e/ Avenidas 1 y 2,(02255) 46-2804,5492255408786,32
VG,Hosteria,Tirol - Sindicato de Luz y Fuerza de Rosario  ,Si,Abierto T.A.,"No pasan ocupacion, solo trabajan con afiliados ", Paseo 110 Nº 226 e/ Avenidas 2 y 3,(02255) 46-2011,5493413737762,70
VG,Hotel 2*,Los Históricos - Asociación Mutual de Obreros y Empleados Municipales de Capital Federal (A.M.O.Y.E.M.)  ,Si,Abierto T.A.,,Avenida 1 y Paseo 107,(02255) 46-2916,5491158803187,120
VG,Hosteria 2*,Loucomen  ,Si,Abierto todo el año.,,Avenida 3 Nº 1739 e/ Paseos 117 y 118,(02255) 46-2023,5492255603185,43
VG,Sin categorizar,Magnolia (Ex Tobruck)  ,Si,Abierto todo el año.,,Paseo 140 N° 197 y Avenida 2,(02255) 47-6079,5491127134311,20
VG,Sin categorizar,Mallorca  ,Si,Abre el 26 diciembre,,Paseo 134 Nº 259 e/ Avenidas 2 y 3,(02255) 46-6163,5491164189549,50
VG,Departamentos con servicios,Malvinas Argentinas - Sindicato de Seguro de R. A.,Si,Abierto todo el año ,No pedir tarifas,Avenida 1 N° 1127,(02255) 47-7446,,48
VG,Sin categorizar,Maresias  ,Si,Abierto todo el año. Abren el 19/12,,Avenida 2 Nº 730,,5491124530099,45
VG,Departamentos con servicios,Marges  ,Si,Abierto todo el año.,,Avenida 1 Nº 489,(02255) 46-4006/3,5492255608609,184
VG,Hotel 2*,Marina  ,Si,Abre en octubre,,Avenida 2 y Paseo 108,(02255) 46-2228,5491158803187 / 5491158829901,70
VG,Hotel 2*,Massa  ,Si,Cierra 15/03. Reabre en S. S / f.s.l. / vac. de invierno. / Abre el 20 de  Diciembre.,,Avenida 1 Nº 721 e/ Paseos 107 y 108,(02255) 46-2226,5492255507333,52
VG,Hotel 2*,Medamar Playa  ,Si,cerrado hasta octubre ,,Paseo 111 Nº 11 y Playa,(02255) 45-3106 / 1138492396,5491130978113,46
VG,Sin categorizar,Michel  ,Si,"Cerrado, abre en diciembre.",, Paseo 101 Nº 496 e/ Avenida Buenos Aires y Avenida 5,(02255) 46-8203,5492255521526,47
VG,Sin categorizar,Montecarlo  ,Si,Abierto en T.A.,,Paseo 103 bis e/ Paseo Costanero y Avenida 1,(02255) 46-4410,5492255607112,74
VG,Apart Hotel,Natura Mar  ,Si,Abre el 22 de diciembre.,,Avenida 2 y Paseo 151,,5491123936130,66
VG,Hotel,Náutico - Unión de Empleados Judiciales de la Nación ,Si,Abierto todo el año.,,Paseo 119 e/ Avenidas 2 y 3,(02255) 46-2935 ,,100
VG,Hostería,Nirvana  ,Si,Abre en diciembre. abre el 24/12,,Avenida 2 y Paseo 126 bis N° 2649,,5493624625889,30
VG,Sin categorizar 2 *,Oasis  ,Si,No abrió en 2025.,,Avenida 3 Nº 1973 e/ Paseos 119 y 120,(02255) 46-2204,5492255627440,52
VG,Cabaña,Orillas del Mar ,Si,,,Avenida 1 Nº 2688 y Paseo 126, (02255) 45-7430,5492255436690,47
VG,Hotel 1*,Panorama,Si,Abierto todo el año.,,Avenida 1 Nº 826 e/ Paseos 108 y 109, (02255) 46-2263,5492255438110,70
VG,Cabaña,Patagonia Cabañas ,Si,Abierto todo el año.,,Alameda 205 Nº 536,(02255) 45-2190,5492267539371,36
VG,Hotel 2*,Portofino  ,Si,Abierto T.A. ,,Paseo 116 Nº 275 e/ Avenidas 2 y 3,(02255) 46-2202 ,5492255534856,72
VG,Sin categorizar,Posta Carretas  ,Si,Abre en octubre.,,Avenida 1 Nº 947 e/ Paseos 109 y 109 bis,(02255) 46-2526,5491138720651,42
VG,Departamentos con servicios,Proa  ,Si,Abierto todo el año.,,Avenida 1 Nº 5070,(02255) 46-5844,5491166530157,68
VG,Apart Hotel,Punta Norte  ,Si,Abierto todo el año.,,Alameda 201 y Calle 311,(02255) 45-0222,5491132531343,144
VG,Apart Hotel,Punto Sur  ,Si,Abierto todo el año.,,Avenida 1 bis N° 24 y Paseo 151,,5491139037294,100
VG,Hospedaje,Quick ,Si,Abierto T.A.,,Avenida 3 Nº 874 e/ Paseos 108 y 109,,5491162308999,40
VG,Hotel 3*,Reviens  ,Si,Abierto todo el año,,Paseo 104 Nº 417 e/ Avenidas 4 y 5,(02255) 46-5434,5493512455770,100
VG,Departamentos con servicios,Rincón del Sol  ,Si,Abierto todo el año.,,Paseo 131 Nº 145,(02255) 45-3738,5492245424620,60
VG,Hotel 2*,Romadrid,Si,cerrado h. el finde largo de octubre,,Paseo Costanero Norte Nº 33 y Av. Buenos Aires,No posee,5493416035108,57
VG,Hotel 2* ,Romina  ,Si,Abierto todo el año.,,Avenida 1 y Paseo 140,(02255) 47-6074,5492255607037,80
VG,Hotel 2*,La Terraza  ,Si,"Cerrado, este verano no abrio.",,Paseo 142 Nº 358 e/ Avenidas 3 y 4,(02255) 47-6031,5492235472003,33
VG,Apart Hotel,Saint Florentin  ,Si,Abierto todo el año.,,Costanera Nº 2032 e/ Paseos 119 y 121,(02255) 45-3720,5491130293139,42
VG,Hotel 3* superior,San Remo Palace ,Si,Abierto todo el año.,,Alameda 203 Nº 22 e/ Buenos Aires y Pinar del Norte,(02255) 46-8369,5492255485118,148
VG,Hotel 1*,Sekand ,Si,Abre en T.A. en enero,,Avenida 1 Nº 1638 e/ Paseos 116 y 117,(02255) 46-2036 ,5491123953978,60
VG,Hotel 2*,T 3 ,Si,Abierto T.A.,,Avenida 3 y Paseo 119,(02255) 46-3042,5492255525311,70
VG,Apart Hotel,Terranostra  ,Si,Abierto todo el año.,,Avenida 2 e/ Paseos 150 y 151,,5492255530522,56
VG,Apart Hotel,María Bonita  ,Si,Abre en noviembre.,,Paseo 106 Nº 365 e/ Avenidas 3 y 4,(02255) 46-5971,5492255553440,27
VG,Hotel 1*,Torremolinos ,Si,Abierto T.A.,,Paseo Costanero e/ Paseos 111 y 112,,5493854891857,70
VG,Sin categorizar,Toscana  ,Si,Cerrado h. 01/12,,Paseo 107 e/ Avenidas 1 y Costanera,(02255) 46-6765,5491154815348,44
VG,Hosteria 2*,Vagabonde  ,Si,Abre el 26 diciembre,,Avenida 2 Nº 3392 y Paseo 134,(02255) 46-6115,5491126084280,45
VG,Hotel 2*,Verona  ,Si,Abierto T.A. abre el 26/12,, Avenida 1 Nº 101 y Paseo 105,(02255) 46-2465,5492255423788,125
VG,Hotel 2*,Vesubio,Si,Abre en dicembre.,,Avenida 4 Nº 1258 e/ Paseos 112 y 113, (02255) 46-2748,5491138094732,80
VG,Hostería 2*,Del Navegante,No,No figura en la web.,,Paseo 124 N° 263,,,
VG,Apart Hotel,View Beach Apart Hotel & Spa,Si,Abre en vacaciones de invierno ya deja abierto para temporada.,,Paseo 136 y Playa,No posee.,5491163069989,50
VG,Hotel 4*,Villa Gesell Spa & Resort  ,Si,Abierto todo el año. cerrado por refaccion abre en noviembre,No llamar al fijo por ocupacion, Paseo Costanero Nº 736 e/ Paseos 107 y 108,No llamar al fijo por ocupacion (02255) 45-2020,5491137591282,144
VG,Cabaña,Villa Marina  ,Si,Abierto todo el año.,,Alameda 201 e/ Calles 310 y 311,(02255) 47-4128,5491168291321,26
VG,Apart Hotel,Villa Maya  ,Si,Abierto T.A. Cerrado hasta diciembre.,,Calle 308 e/ Alameda 205 y 206,(02255) 45-8047,5491163638624,40
VG,Gremial,Marítimo - Asoc. Argentina de Empleados de la Marina Mercante (A.A.E.M.M.)  ,Si,Abre en noviembre.,"No llamar, no dan info de ocupacion",Avenida 1 Nº 606 e/ Paseos 105 y 107,(02255) 46-2550,,119
VG,Hospedaje,Inti - Huasi  ,Si,Abre en enero.,,Alameda 202 Nº 82 e/ Avenida Buenos Aires y Pinar Norte,(02255) 46-8365,5491150525318,112
VG,Apart Hotel,Las Terrazas  ,Si,Abierto todo el año,,Paseo 110 Nº 371,,5492267513137 / 5492255408261,36
CM,Departamentos con servicios,Aguas de Oro  ,Si,Abierto todo el año.,,Paseo 150 Nº 37,(02255) 47-7704,5491125371316,51
VG,Hotel 3*,Apolo,Si,Abierto T. A.,,Paseo 104 Nº 172 e/ Avenidas 1 y 2,(02255) 46-8761,5492255505481/ 5492255414769,85
MA,Camping,Camping de Ingenieros (C.A.A.I.T.B.A),Si,Abierto T.A.,,Mar del Plata y Calle 47,,5492215549045,2000
LG,Sin categorizar,365 Playa  ,Si,,,Calle 34 e/ Copacabana y Punta del Este,(02255) 45-3365,,12
MDLP,Cabaña,Abedul  ,Si,Abierto todo el año. ,No pedir tarifas,Santa María y Cruz del Sur,(02255) 45-5819,5491157712019,48
MDLP,Departamentos con servicios,Agapanto  ,Si,Abierto todo el año,,Querandíes e/ El Lucero y El Ceibo,(02255) 47-4457,5492216811979,48
MDLP,Apart Hotel 3* superior,Agua Bay ,Si,Abierto todo el año,,Delfín N° 33 e/ Alfonsina Storni y Virazón,(02255) 46-0496,5491154024531,88
LG,Apart Hotel,Aguamansa  ,Si,"Cerro 04/05, deja abierto desde las vacaiones hasta la temporada.",,Calle 31 entre Mar del Plata y Punta del Este,(02255) 47-5218,5491141621029,20
LG,Departamentos con servicios,Dunas y Mar Club del Bosque  ,Si,,Sin contacto,Calle 42 y Mar del Plata,,,140
MDLP,Cabaña,Aike Malem ,Si,cerrado todo 2025,, Mercedes Sosa y Los Andes,(02255) 47-9868 ,5491144185722,11
MDLP,Sin categorizar,Ainjo  ,Si,,,Recalada N° 83 e/ Mercedes Sosa y J. V. González,,5492255555374,46
MDLP,Sin categorizar,Ainjo Spa ,Si,,,Recalada N° 95 e/ Mercedes Sosa y J. V. González,,5492255555374,12
MA ,Hostería,Álamos  ,Si,"Cerrado, Abre el 20/12",,Calle 35 e/ Mar del Plata y Punta del Este,(02255) 47-9630 / 31,5492255531164,38
LG,Cabaña,Alborada Cabañas  ,Si,Reabre en septiembre.,No pedir tarifas,Calle 30 e/ Mar del Plata y Mar Azul,(02255) 47-4166,5491158135156 / 5491158136153,24
LG,Cabaña,Aldea de Mar  ,Si,Abierto todo el año.,,Calle 29 y Playa,(02255) 47-2283/4/5,5492255605707,96
MDLP,Apart Hotel,Almendra ,Si,Abierto todo el año.,,Payró esquina Garay,(02255) 46-5168,5491132088663,30
LG,Sin categorizar,Alta Playa  ,Si,Abierto todo el año.,,Calle 29 y Playa,(02255) 47-5417,5491169985417,39
MDLP,Hosterías 2*,Altamar de las Pampas  ,Si,Abierto todo el año. ,,Mercedes Sosa y Victoria,(02255)  47-2775,5492255531484,37
LG,Deptos con Servicios,Altos las Gaviotas  ,Si,Abierto todo el año.,, Calle 30 e/ Mar Azul y Mar del Plata,,5491165793000,40
MDLP,Sin categorizar,Altos Médanos  ,Si,Abierto todo el año.,No pedir tarifas,Querandíes y Juan de Garay Nº 549,(02255) 45-3180,5492235314814,72
LG,Cabaña,Altué ,Si,Abre finde largo de agosto y octubre.,,Alte. Brown N° 389, (02255) 45-6200,5492267631506/ 5492255530002,40
MDLP,Cabaña,Antares  ,Si,Abierto todo el año.,,Payró entre Juan de Garay y Cruz del Sur,(02255) 47-2550,5492255509630,20
MA,Cabaña 2*,Amuillán ,Si,Abierto T. A.,Sin contacto,Calle 31 y Playa,,,60
LG,Sin categorizar,Antú-Kuyen  ,Si,Abierto todo el año.,, Mar del Plata y Brown N° 37,(02255) 45-8642 / 11 53174921 ,,28
MDLP,Cabaña,Arâmê  ,Si,Abierto todo el año.,,Avenida del Lucero y Arq. Bunge N° 628,(02255) 45-1863,5491141748862,42
LG,Apart Hotel,Arawi  ,Si,Abierto todo el año.,,Punta del Este e/ Brown y Espora (Calle 28),(02255) 45-2521,5491154140776,46
MDLP,Cabaña,Arcadia  ,Si,Abierto todo el año.,,Joaquín V. González y Benito Lynch,No posee.,5491141470040,20
LG,Apart Hotel,Arena Azul  ,Si,Cerrado h. octubre,,Calle 29 y Avenida Mar Azul N° 89,(02255) 45-7759/8697/ 1158063639 ,5491136444346,100
LG,Cabaña,Arenas del Bosque  ,Si,Abre el 15 de diciembre,,Copacabana e/Calles 29 y 30,(02255) 47-7710,5491140692047 / 5491159043149 ,60
LG,Apart Hotel 3 *,Arrullos de Mar ,Si,Abre el 17/08 y deja abierto hasta la temporada.,,Mar del Plata esq. Calle 28,(02255)  45-6264,5491168842184 / 5491126686692 ,48
MDLP,Deptos con Servicios,Avalon  ,Si,Abierto todo el año.,, Los Andes y Limay N°70,(02255) 47-8550,5491164761226,18
LG,Cabaña 2*,Ayres de Mar ,Si,Cerrado hasta el finde de agosto,,Calle 30 y Mar del Plata, (02255) 47-2690,5491144144470,80
MDLP,Apart Hotel,Blume  ,Si,Abierto todo el año.,no brindo info,Las Toninas e/ Las Acacias y Los Cóndores,(02255) 47- 9543,,27
MDLP,Apart Hotel,Barlovento  ,Si,Abierto todo el año.,,Los Cóndores N° 152,(02255) 45-6592,5491168226394/ 549370472077,24
MDLP,Sin categorizar,Bethania  ,Si,Cierra el 01/05 y reabre el 01/11.,,Mercedes Sosa y Recalada Nº 16,(02255) 45-4859,5491144469910,30
LG,Cabaña,Bosque en el Atlántico  ,Si,Abre en octubre.,,Calle 28 e/ Mar del Plata y Mar Azul,(02255) 47-9887,5491159679761,20
MDLP,Cabaña,Bosque Pampa,Si,Abierto todo el año.,,Piedrabuena N° 36,,5492267676187,16
MDLP,Cabaña 2*,Brugge  ,Si,Abierto todo el año.,,Sobral e/ Storni y Virazón,(02255) 45-5685,5492255529251,24
MA,Cabaña 1*,Cabañas del Bosque    (3 u),Si,Abierto todo el año. ,,Calle 43 N° 320 e/ Punta del Este y Copacabana,(02255) 45-2427,5492266535488,24
LG,Departamentos con servicios,Cáfila   ,Si,Abierto todo el año.,,Calle 31 entre Mar Azul y Mar del Plata,(02255) 47-4625,5491136882242,44
MDLP,Cabaña,Calamoresca  ,Si,Abierto todo el año.,No pedir tarifas,Benito Lynch y Juez Repetto,(02255) 47-3300,5492234461563,20
LG,Cabaña,Casa Kiri ,Si,Abierto todo el año.,Sin contactos,Calle 32 y Mar Azul,,,30
MA,Cabaña,Caleuche  ,Si,Abierto todo el año.,,Calle 28 entre Mar del Plata y Mar Azul,(02255) 45-6400,5491152477935,18
MDLP,Apart Hotel,Careyes Villa de Mar,Si,Abierto todo el año.,,Delfín N° 33 entre Alfonsina Storni y Virazón,(02255) 45-2245,5491141940414,178
MDLP,Sin categorizar,Casa de Piedra  ,Si,Abierto todo el año.,,Virazón y Playa,(02255) 47-9797,,30
VG,Departamentos con servicios,Filo de los Médanos ,Si,Edificio,"No pedir ocupacion, No pedir tarifas, No pedir reservas, No pedir diponibilidad",Alameda 206 Nº 594 e/ Calles 310 y 311,,5492254538722,16
MDLP,Apart Hotel,Casa Loló,No,No figura en la web.,,Piedra Buena N° 72,,5491130902506,12
LG,Sin categorizar,Casa Playa  ,Si,Abre en diciembre. ,No pedir tarifas,Alte. Brown y Mar Azul,(02255) 46-7577,5492255627744,16
LG,Apart Hotel,Caviahue Costa Apart  ,Si,Abierto T. A. ,,Alte. Brown y Copacabana,,,60
LG,Departamentos con servicios,Casabosque,Si,Abierto todo el año.,,Calle 33 N° 313 y Punta del Este,(02255) 47-8590,,40
MDLP,Departamentos con servicios,Casiopea  ,Si,Abierto todo el año.,,J. V. González Nº 14,(02255) 46-2289,5491163365881,50
MA,Apart Hotel,Cepas de Mar,No,No figura en la web.,,Calle 33 N° 51,,5491124968022,12
MDLP,Apart Hotel,Fueguia ,Si,Abierto todo el año.,Malos tratos,Santa María entre El Ceibo y Garay,,,18
MDLP,Cabaña,Cipreses  ,Si,Abre el 31 de  diciembre.,No pedir tarifas,San Andrés e/ Pangaré y Los Pinos,(02255) 46-8621,5491133435316,24
MDLP,Cabaña,Claro de Luna  ,Si,Abierto todo el año.,,Hudson N° 41 e/ Mercedes Sosa y J. V. González,(02255) 47-6952,5491140979808,28
MDLP,Sin categorizar,Colina Blanca  ,Si,Abierto todo el año.,,Las Toninas y Juez Repetto N° 263,(02255) 45-6404,5492255435676,24
MDLP,Cabaña,Complejo Pampa  ,Si,,No pedir tarifas, Joaquín V. González y Recalada,(02255) 47-6869,5491156219001,10
VG,Apart Hotel,Gesell Mar Apart San Remo (ex Compart Vip)  ,Oculto,Oculto en web.,,Costanera e/ Paseos 119 y 121,(02255) 46-6015,5492234423485,102
VG,Hostería 2*,Gran Chalet,No,No figura en la web.,,Paseo 105 N° 447,,,
MA,Cabaña,Costa Soñada  ,Si,Abierto todo el año.,,Calle 39 entre Copacabana y Punta del Este,(02255) 47-2821,5492477586017,32
MDLP,Cabaña,Cruz del Sur ,Si,Abierto todo el año.,,Cruz del Sur e/ Avenida del Plata y Pangaré,No posee.,5491163976167,25
LG,Apart Hotel,Cuatro Estaciones  ,Si,Abre en diciembre,,Calle 28 entre Punta Indio y Pinamar,,5492284618509,17
LG,Cabaña,Costa Palmera ,Si,"cerrado, no creo que vuelva abrir. ",Sin contacto,Punta del Este e/ Calles 32 y 33,,54 9 11 40578075,16
MDLP,Cabaña,Cuatro Lunas  ,Si,Abierto todo el año.,,El Lucero y Bunge,(02255) 45-8512,5492235110489,40
LG,Departamentos con servicios,Cucalambe  ,Si,Abierto todo el año.,,Calle 29 y Copacabana,(02255) 45-7245,5492267523627 / 5492267537139,14
MDLP,Cabaña,Del Aluminé  ,Si,Abierto todo el año.,, Los Andes e/ Virazón y Mercedes Sosa,(02255) 47-2911 ,,14
MDLP,Departamentos sin servicios,Departamentos,Si,Abierto todo el año.,,Cabo Corrientes Nº 42,(11) 5064-6564,5491150646564,20
MDLP,Departamentos con servicios,Departamentos con Servicios,Si,,,Cabo Corrientes Nº 68,(011) 15-50646564,5491150646564,20
MDLP,Cabaña,Doña Acacia ,Si,Abierto todo el año.,,Victoria Ocampo e/ Las Acacias y Juez Repetto,No posee,5492255506214,32
CM,Apart Hotel,Dunas de las Pampas ,Si,,,Avenida 3 y Paseo 157,(02255) 47-5990,,86
MDLP,Apart Hotel,E´Luru,Si,Abierto todo el año.,,Virazón y Playa,,5492255435676,37
LG,Cabaña,Eclipse  ,Si,Abierto todo el año.,,Alte. Brown y Viña del Mar,11 77260887,5491168926161,34
LG,Cabaña,El Beso,Si,Abierto todo el año.,,Calle 29 e/ Mar del Plata y Punta del Este,,5491144185722,8
MDLP,Cabaña,El Candal  ,Si,Abierto todo el año.,,Cuyo e/ Mercedes Sosa y Virazón,(02255) 46-8430,5492267401428/ 5492267527753,18
VG,Hotel 1*,Hostal del Mar  ,Oculto,Oculto en web.,,Avenida 2 Nº 1751 y Paseo 118,(02255) 46-2613,,60
LG,Cabaña,El Chaparral  ,Si,Abierto todo el año.,,Calle 35 y Punta del Este,,5492255529602,21
VG,Sin categorizar,Hostería Nahuel  ,Si,Oculto en web.,,Paseo 105 Nº 417,,11 69312099,40
MDLP,Cabaña,El Mar  ,Si,Abierto todo el año.,, Delfín e/ A. Storni y Virazón,(02255) 45-7449,5491164842435,24
VG,Hotel 1*,Huemul,No,No figura en web.,,Paseo 114 y Playa,,,
MDLP,Cabaña,El Ocio ,Si,Abierto T.A.,,Piedrabuena y Juan de Garay,(02255) 47-9752,5491154856707,20
MA,Cabaña,El Pinar  ,Si,Abierto todo el año.,, Calle 35 entre Punta del Este y Viña del Mar,,5492235207954,20
LG,Apart Hotel,El Remanso del Bosque  ,Si,Abierto todo el año.,,Alte. Brown y Viña del Mar,(02255) 45-8007,5492235379982,40
MDLP,Cabaña,Elementos  ,Si,Abierto todo el año.,,J. V. González y Recalada,,5491131467445,20
LG,Deptos con Servicios,Entremares  ,Si,Abierto todo el año.,,Calle 30 e/ Mar del Plata y Mar Azul N° 275,,5492477565869,38
MA,Apart Hotel,Entrepinos  ,Si,Cierra 15/03 y reabre en noviembre.,,Calle 43 e/Mar del Plata y Calle 1,,5493413021522,32
MDLP,Cabaña,Escondida en el Bosque ,Si,Abierto todo el año,,Yaganes Nº 63 y Querandíes,,5491157385960 / 5491157385959,8
LG,Cabaña,Espacio Papyro  ,Si,Cerrado hasta septiembre.,,Calle 28 y Viña del Mar,(02255) 47-7199,5492254525533,36
LG,Apart Hotel,Farnese  ,Si,Abierto todo el año,,Calle 28 entre Punta Indio y Pinamar,(02255) 47-2332,5492255416625,130
MDLP,Apart Hotel,Finiterra  ,Si,Abre fines de septiembre,,Cuyo N° 44,(02255) 47-4439,5491144183100,38
MDLP,Cabaña,Flores del Bosque ,Si,Abierto todo el año. ,No enviar whatsApp, Delfín entre A. Storni y Virazón,(02255) 45-2273,No enviar whatsApp,24
LG,,Flow,Si,,,,,5491150295630,152
MDLP,Cabaña,Gala Apart  ,Si,Abierto todo el año.,,Yaganes N° 47 entre El Lucero y Querandíes,(02255) 47-6899,5492254425243,6
LG,Apart Hotel,Gaviotas Beach Home ,Si,Abierto todo el año.,,Calle 33 entre Mar Azul y Playa,(02255) 47-8383 ,5491130054321,48
LG,Departamentos con servicios,Gaviotas Frente al Mar,Si,Abierto todo el año.,,Calle 30 y Boulevard Marítimo N° 25,,5492254595045,168
LG,Apart Hotel,Kajol  ,Si,Abierto todo el año ,Sin contacto,Calle 34 e/ Punta del Este y Copacabana,,,36
MDLP,Departamentos con servicios,Dor Playa,Si,,,Calle 28 y Playa N° 17 ,No posee,,
MDLP,Cabaña,Hadas del Bosque  ,Si,Abierto todo el año,,Piedrabuena y Juan de Garay,(02255) 45-2820,5491163601437,16
MDLP,Apart Hotel,Haras del Bosque ,Si,Abierto todo el año.,,Los Cóndores N° 124,(02255) 47-4035 / 6,5492267471763,30
LG,Apart Hotel,Heiwa,Si,Abierto todo el año.,,Calle 34 y Playa,(02255) 45-3674,5491132149260,20
MDLP,Hostería 2*,Hostal de las Piedras  ,Si,Abre en enero,,Cuyo entre Mercedes Sosa y Virazón,(02255) 45-4220 /2267440981 ,5492267451080,25
MDLP,Cabaña,Huanquelen  ,Si,Abierto todo el año ,No pedir reservas,Juez Repetto entre Benito Lynch y E. Paz,(02255) 47-8719,5492255435676,98
MDLP,Cabaña,Hurra Pampa  ,Si,Abierto T.A.,,Piedrabuena y Juan de Garay,(02255) 47-2882,5492235431222 / 54 9 2233 454800,20
LG,Apart Hotel,Iqu apart  ,Si,Abierto todo el año.,,Punta del Este y Calle 28,(02255) 47-0800/ 45-6998,5491133288551,47
MA,Cabaña 2*,Iwoka  ,Si,Abierto T.A.,Llamar por la mañana,Calle 43 e/ Mar del Plata y Mar Azul,Comunicarse los domingos. ,5492216721424,25
MDLP,Apart Hotel 4*,Jaina Resort & Spa,Si,Abierto todo el año.,, Barlovento y Los Cóndores,(02255) 47-4488,5491130949156,70
VG,Hospedaje 1*,La Estrella,No,No figura en web.,,Avenida 5 N° 984,,,
MDLP,Departamentos con servicios,Kaia  ,Si,Abierto todo el año.,,Cruz del Sur entre J. de Garay y Santa María,(02255) 47-8126,5491135656501,12
MDLP,Cabaña,Kimbara  ,Si,Abierto todo el año.,,El Lucero y José Hernández,(02255) 45-8639,5491162825500,18
LG,Cabaña,Ko-Lafken  ,Si,Abierto T.A  Abre en enero,,Punta del Este y Calle 29,(02255) 46-8654,,24
MDLP,Cabaña,La Aldea  ,Si,,,Yaganes y Querandíes,,5491161870156/ 5492255417621,18
VG,Hostel,La Gran 7  ,Oculto,Oculto en web. Cambio de nombre Dechill,,Avenida 7 Nº 1354,,5492216748487 / 5491167820875,48
LG,Cabaña,La Bajada del Cacique  ,Si,"Cerrado, abre en diciembre.",,Alte. Brown entre Punta Indio y Pinamar,,5491131123323,12
LG,Apart Hotel,La Goleta del Mar  ,Si,Abierto todo el año.,,Viña del Mar e/ Almirante Brown y Calle 28,,,30
MDLP,Cabaña,La Empedrada  ,Si,Abierto T.A.,,Piedrabuena y Juan de Garay,(02255) 45-9570,5492267526992,16
MDLP,Sin categorizar,La Foret  ,Si,Abierto todo el año. Solo los fines de semana.,,Los Andes entre Mercedes Sosa y Virazón,(02255) 47-2388 ,5492255570015,18
LG,Cabaña,La Francisca  ,Si,Abre en T.A..,,Calle 28 y Copacabana,(02255) 45-8276,5492255435676,30
MDLP,Cabaña,La Hora del Sol  ,Si,Abierto todo el año.,,Cruz Del Sur entre Ombú y J. Garay,   (02255) 45-2898,5491160472031,16
MDLP,Departamentos con servicios,La Serena de las Pampas  ,Si,"Abierto todo el año, cierra solo junio. ",No pedir tarifas,Avenida Cruz del Sur N° 383 y Juan de Garay,(02255) 45-8409,5491151070226,14
MDLP,Cabaña,La Tinaja ,Si,Abierto todo el año,,Joaquín V. González y E. Paz,(02255) 47-9810,5491168196130,60
MDLP,Cabaña,Las Lomas  ,Si,Abierto todo el año.,No pedir tarifas,Piedrabuena N° 61 y Juan de Garay,(02255) 45-7906,5493489690234,28
LG,Cabaña,Las Pampitas  ,Si,Abierto todo el año.,,Punta del Este y Alte. Brown,(02255) 45-5820,5491130278534,28
LG,Cabaña,Las Waras ,Si,Abierto todo el año,,Calle 30 y Mar Azul,(02255) 47-9849,5492944350006,20
MA,Cabaña,Las Acacias ,Si,,Sin contacto,Calle 40 entre Punta del Este y Copacabana,,,15
MDLP,Departamentos con servicios,Le Cuyen  ,Si,Abre en octubre,,Hudson N° 59 y Mercedes Sosa (Ex. Roca),(02255) 45-7155/6,5492234669815,12
MDLP,Cabaña,Lemu ,Si,Abierto todo el año,,Pangaré y Los Pinos,(02255) 47-9855 / 115432376 / 1169960134,,34
MDLP,Cabaña 2*,Leyendas  ,Si,Cierra 21/04 y abre los fines de semana largos.,,Juan de Garay entre Querandíes y Piedrabuena,(02255) 47 9605,5492233030624,26
LG,Apart Hotel 3* superior,Lomas del Mar  ,Si,Abierto todo el año.,,Calle 32 y Playa,(02255) 47-2970,5491163978565,72
LG,Cabaña 2*,Los Charruas ,Si,Abierto todo el año ,,Calle 31 N° 86 esquina Mar Azul,(02255) 47-2424 ,,22
CM,Cabaña,Los Ciruelos ,Si,Abierto T.A.,Llamar por la mañana,Avenida 3 y Paseo 168,Llamar los domingos       (02255) 45-6545,5492216721424,64
LG,Apart Hotel,Los Mirasoles  ,Si,Abierto todo el año. ,No pedir tarifas,Calle 31 y Playa,,5492255629661,112
LG,Departamentos con servicios,Los Naranjos ,Si,Abierto en vacaciones de invierno,,Calle 32 Nº 81 (Esquina Mar Azul),111545232077,5492255507370,22
MA,Cabaña,Los Peques  ,Si,Abierto todo el año.,,Punta del Este entre Calles 35 y 36,,5491168567649,19
MDLP,Cabaña,Luces del Bosque  ,Si,Abierto todo el año.,,Guiraldes entre Las Acacias y Juez Repetto,(02255) 45-4780,5492255520198,38
MDLP,Cabaña,Lunas del Lemú  ,Si,Abierto todo el año.,,El Lucero y Bunge,(02255) 46-6375,5491160428000,48
MDLP,Cabaña,Mapuche  ,Si,Abierto todo el año. ,No pedir tarifas,Santa María N° 382 y El Ceibo,(02255) 47-9628,,59
MA,Departamentos con servicios,Mar Azul Suites  ,Si,Abierto todo el año.,,Calle 36 N° 244 e/ Av. Mar del Plata y Punta del Este,,5493416066167,22
LG,Apart Hotel,Mar de las Gaviotas  ,Si,Abierto todo el año.,,Copacabana entre Calles 32 y 33,,5491144185722 / 5491165049707,17
MDLP,Cabaña,Marea Casas en el Mar  ,Si,Abre el 15 de diciembre,,Delfín N° 77 entre Storni y Virazón,(02255) 45-2731,5491139136841,12
LG,Cabaña,Mi Lugar  ,Si,Abierto todo el año.,Sin contactos,Calle 31 e/ Mar Azul y Playa,,,40
LG,Departamentos con servicios,Médano 29  ,Si,Abierto todo el año.,,Calle 29 entre Punta del Indio y Viña del Mar,,5491132018390 / 5491140642745 ,20
LG,Cabaña,Médanos Playa ,Si,Abre el finde largo de noviembre.,,Calle 32 e/ Playa y Mar Azul, ,5492255507575,40
LG,Cabaña,Mell-Mell  ,Si,Abierto todo el año.,,Almirante Brown e/ Avenidas Mar del Plata y Mar Azul,(02255) 46-8066/ 67/ 2,5492255506373,31
MDLP,Cabaña,Merlion  ,Si,Abierto todo el año.,,Delfin Nº 56,,5491154976858,38
MA,Cabaña,Montyamar  ,Si,,,Calle 34 entre Copacabana y Viña del Mar,01139805855 / 2255 479654,,16
LG,Cabaña,Mirador del Indio  ,Si,Abierto todo el año.,,Alte. Brown N° 575 y esq. Punta Indio,,5491156441079,48
MDLP,Apart Hotel 4*,Miradores del Bosque  ,Si,Abierto todo el año.,,Mercedes Sosa y Hudson,(02255) 45-2147/ 2793,5492255508932/ 5492255414202,50
MDLP,Sin categorizar,Mizu ,Si,Abierto todo el año.,, Joaquín V. González y Las Toninas,(02255) 47-5787,5491126325215,46
MDLP,Cabaña,Natural ,Si,Abierto todo el año.,Sin contactos,Payró N° 86 entre Juan de Garay y Cruz del Sur,,,24
LG,Apart Hotel,Moorea  ,Si,Abre en Noviembre,,Mar del Plata y Calle 45,(02255) 47-4578 / 3578,5491130594206,46
LG,Apart Hotel,Morada Sur  ,Si,Abre en octubre,,Calle 28 e/ Mar Azul y Playa,(02255) 47-5684/5,5492214110438,52
MA,Departamentos con servicios,Moremi,Si,,,Calle 34 entre Copacabana y Punta del Este,,5492255436282,8
MDLP,Cabaña,Murmullo de Agua  ,Si,Abre en noviembre.,,Los Andes N° 39  ,,5491155701153,15
MA,Cabaña,Nuevo Dí­a Cabañas  ,Si,Abierto todo el año.,,Calle 34 N° 62 entre Mar Azul y Playa,(02255) 47-6951 ,5491165797741,18
LG,Apart Hotel,Oasis,Si,Abierto todo el año.,No pedir reservas,Mar Azul N° 183,(02255) 47-7005,5492255435676,64
LG,Cabaña,Oasis  ,Si,Abierto todo el año. ,No pedir reservas,Mar Azul entre Calles 28 y 29,(02255) 47-7005,5492255435676,32
MDLP,Sin Categorizar,Oasis de las Pampas,Si,,No pedir tarifas,Virazón N° 25,(02255) 47-6763,5491144054364,35
LG,Apart Hotel,Ossa Mayor  ,Si,Abierto todo el año,,Calle 29 y Mar del Plata,(02255) 47-2014,,60
LG,Apart Hotel,Pago Chico  ,Si,"Cierra los primeros días de mayo y reabre en septiembre.
",,Calle 43 e/ Mar del Plata y Mar Azul,,5492255601982,38
LG,Sin categorizar,Pampa Azul  ,Si,Abierto todo el año.,, Calle 28 e/ Mar del Plata y Mar Azul,(02255) 45-9708,5492255625839,20
VG,Hotel 2*,Maracas  ,Oculto,Oculto en web. Cerrado definitivo,,Avenida 1 Nº 279 e/ Avenida Buenos Aires y Paseo 103,(02255) 46-8779,2255418520,99
MDLP,Apart Hotel,Pampa Inn  ,Si,Abre 01 de enero.,,Alférez Sobral N° 61 entre Virazón y A. Storni,(02255) 46-8629,,18
LG,Apart Hotel,Paradiso  ,Si,,No pedir reservas,Calle 28 y Playa,(02255) 47-5577,5492255435676,35
LG,Cabaña,Pi-Hue  ,Si,Abierto todo el año. cerrado por reformas hasta septiembre.,,Calle 34 e/ Mar Azul y Playa,(02255) 46-8864,5492267419940,16
MDLP,Apart Hotel 4*,Pillmaykén  ,Si,Abre en noviembre.,,Mercedes Sosa e/ Cuyo y Victoria,(02255) 46-1700,5492255603730,64
MDLP,Departamentos con servicios,Pinar de Valen ,Si,Abierto todo el año.,, Limay entre Los Andes y Virazón,,5493489657635,20
LG,Apart Hotel,Playa Gaviota  ,Si,Abierto todo el año.,No pedir reservas,Calle 28 y Mar Azul,(011) 5263-3986,5492255435676,56
LG,Cabaña,Playa Morena,Si,Cerrado h. 01/10,,Calle 29 y Playa,(02255) 47-0331/ 2,5492255573288,48
MDLP,Cabaña,Plenilunio  ,Si,Abierto todo el año.,,Cuyo N° 53,(02255) 45-7277/ 7831,5492255551542,48
MDLP,Hotel,Plenilunio Suites ,Si,Abierto todo el año.,, Victoria N° 44,(02255) 45-7277/ 7831,5492255551542,16
MA,Cabaña 1*,Poetas del Bosque ,Si,Abierto todo el año.,,Copacabana e/ Calles 45 y 46,,5491133465541,30
MDLP,Cabaña,PolBaires VII (ex Silvestris) ,Si,Abierto todo el año.,,Mercedes Sosa y Corvina,(02255) 47-2080,,27
LG,Sin categorizar,Posada de las Gaviotas,Si,Abierto todo el año.,,Calle 33 y Playa N° 13,(02255) 45-5655,5492254440125,27
LG,Cabaña,Posada de los Ángeles  ,Si,Abre en noviembre.,,Calle 33 y Mar Azul,(02255) 45-6125,,15
MDLP,Sin categorizar,Posada la Casona ,Si,Abre en octubre,,Hudson e/ Mercedes Sosa y Joaquín V. González,(02255) 47-9693,5491136438620,20
MA,Cabaña,Puerto de Palos  ,Si,,Sin contactos,Calle 35 N° 257 e/ Mar Del Plata y Punta del Este,,,25
MA,Cabaña,Piedra Libre  ,Si,Problemas de salud. no abrio,,Calle 34 e/ Mar Azul y Mar del Plata,,5492255604416,20
MDLP,Cabaña,Posada La Mandrágora  ,Si,Abierto todo el año.,,Santa María e/ Juan de Garay y El Ceibo,(02255) 47-8699,5492255509475,24
MDLP,Apart Hotel 2*,Posada Piñén  ,Si,Abierto todo el año.,," Juan de Garay N° 391, esquina Payró",(02255) 47-9974,5492255439766 / 5492255439768,12
LG,Apart Hotel,Punta 28  ,Si,Abre vacaciones de invierno,Sin contacto,Calle 28 entre Punta del Este y Copacabana,,,50
LG,Apart Hotel,Posadas del Faro  ,Si,Consultar en noviembre.,,Calle 32 N° 44,(02255) 47-5045,,35
LG,Departamentos con servicios,Posta Cangrejo  ,Si,Abierto todo el año.,,Calle 32 e/ Mar del Plata y Punta del Este,(02255) 47-5720,5491169313729,40
LG,Cabaña,Posta de los Mares ,Si,Abierto todo el año.,,Almirante Brown N° 45 e/ Mar Azul y Playa,(02255) 45-6410 ,5491158819205,28
MDLP,Apart Hotel,Puerto Delfín  ,Si,Abierto todo el año.,,Delfín Nº 18,,5492235365385,52
LG,Apart Hotel,Puerto Encuentro  ,Si,Abierto todo el año.,,Calle 33 y Playa,(02255) 47-2255,5492255413246 / 5492267667104,10
LG,Apart Hotel,Punta Gaviota,Si,Abierto todo el año.,,Mar Azul y Calle 28,,5491173635658 / 5491169662390 ,24
LG,Apart Hotel,Punta Pampa Complejo  ,Si,Abierto todo el año.,,Punta del Este entre A. Brown y Calle 28,(02255) 47-4077,5491137335731,66
LG,Apart Hotel,Punta Quebrachos  ,Si,Abierto T.A.,,Calle 28 y Punta del Este,(02255) 45-7016,5492234379328,42
LG,Cabaña,Rancho Aparte,Si,Abierto todo el año.,,Calle 31 y Mar Azul,No posee,5491158944652,22
LG,Cabaña,Reinamora Playa ,Si,Abierto T.A. y fdsl,,Calle 33 e/ Mar del Plata y Mar Azul,(02255) 45-6433,5491154797333 / 5491157552185,26
LG,Cabaña,Renuevo ,Si,Reabre en diciembre.,,Mar del Plata y Calle 29,(02255) 47-5714,5491124084808 /5491123459945,65
MDLP,Departamentos con servicios,Rincón de las Pampas  ,Si,Abierto todo el año. ,No pedir tarifas, Yaganes Nº 13 y Querandíes,(02255) 45-6050,5491134053877 / 5491160069139 ,26
MDLP,Departamentos con servicios,Rincón de los Vientos  ,Si,Abierto todo el año.,,Payró N° 43 e/ Juan de Garay y Cruz del Sur,(02255) 45-3203,5491140785661,12
MDLP,Apart Hotel 4*,Rincón del Duende ,Si,Abierto todo el año.,,Virazón y Cuyo,(02255) 45-6335,5491170131267,205
LG,Apart Hotel,Rincón del Mar  ,Si,Abierto todo el año.,,Calle 30 y Playa,(02255) 45-6003,5492255436303 / 5492255422706,52
MDLP,Apart Hotel,Runa Moraira  ,Si,Abierto todo el año.,,Victoria e/ Virazón y Mercedes Sosa N° 45,(02255) 46-6522,5492233540454 / 5491166936558,58
VG,Sin categorizar,Neptuno  ,Si,Cerrado T.A. por problemas de Salud.,,Avenida 3 Nº 2763 e/ Paseos 127 y 128,(02255) 46-2376,,60
MDLP,Cabaña,San Dionisio  ,Si,Abierto todo el año.,,Quiroga y Cruz del Sur,(02255) 45-8952,5491130646942,48
MDLP,Apart Hotel,Sintra ,Si,Cierra 17/03 hasta diciembre.,,Hudson N° 34 e/ Mercedes Sosa y J. V. González,(02255) 46-6366 ,5491128294664,40
LG,Departamentos con servicios,Nova Pampa,Oculto,Oculto en web.,,Calle 28 y Mar del Plata,(02255) 45-7172,5492255422999,145
MDLP,Cabaña,Sol de las Pampas  ,Si,Abierto T.A.,,Joaquín V. González N° 65,,5491164517156,18
LG,Apart Hotel,Solar Pampa  ,Si,Abierto todo el año,,Almirante Brown y Mar Azul,(02255) 45-8917 // 11 70787087 //11 23710141 ,,42
MDLP,Apart Hotel 4*,Sonidos del Bosque  ,Si,"Temporada alta, ss, fdsl, vacaciones de invierno.",, El Lucero y Querandíes,(02255) 47-3929,,30
LG,Cabaña,Sottobosco ,Si,Abierto todo el año.,,Mar del Plata y Almirante Brown,(02255) 45-6720,5491151819641,23
MDLP,Cabaña,Sueño Pampa ,Si,Abierto todo el año.,,Piedrabuena e/ El Lucero y Juan de Garay,No posee.,5492236238800 / 5492255552303,35
MDLP,Cabaña,Sueños de Mar  ,Si,Abierto todo el año.CERRADO HASTA OCTUBRE POR REFORMAS.,,E. Paz e/ J. V. González y Juez Repetto,(02255) 47-2741,5492255607220,28
LG,Cabaña,Tehuel  ,Si,Abierto todo el año.,,Calle 33 e/ Copacabana y Punta del Este,(02255) 47-9911,5492267522635,32
LG,Departamentos con servicios,Terra Magma  ,Si,"Cerrado, Abre en octubre",,Calle 28 e/ Punta del Este y Copacabana,(02255) 47-7487,5491154167713,40
LG,Apart Hotel,Terra Meiga  ,Si,Abierto todo el año.,,Calle 28 y Mar Azul,(02255) 45-8885,5492267530455,40
MDLP,Sin categorizar,Terral Hostal  ,Si,FDSL,,Virazón N° 246 e/ Padre Cardiel y Pedro Luro,(02255) 45-4312,5491154693859,8
LG,Cabaña,Terramar  ,Si,Abierto todo el año.,,Calle 32 e/ Mar Azul y Playa,(02255) 46-6794,5491140276744,15
MDLP,Cabaña,Terrazas del Bosque ,Si,Abierto todo el año.,, Los Andes y Limay,(02255) 47-2947,5492255601540,26
LG,Cabaña,Terrazas del Caleu,Si,Abierto todo el año. ,No pedir tarifas,Calle 29 e/ Punta del Este y Copacabana, (02255) 47-2729,5492255435841,20
LG,Apart Hotel,Tila  ,Si,Abierto todo el año.,,Alte. Brown Nº 85,,5491128659336,55
LG,Cabaña,Tonatiúh  ,Si,Abierto todo el año.,,Calle 29 y Mar del Plata,(02255) 47-4097,5491136925913,26
MA,Apart Hotel,Toscanos y Moros ,Si,Abierto todo el año.,,Calle 32 Nº 54,(02255) 46-5352,5491158576855,22
VG,Sin categorizar,Parada 6  ,Oculto,Oculto en web.,,Avenida 6 Nº 519 e/ Paseos 105 y 106,(02255) 46-6256,5491144050467,60
MDLP,Cabaña,Tunquelen  ,Si,Abierto todo el año.,,El Lucero e/ Virazón Y J. Hernández,No posee,5492255505194,16
MDLP,Cabaña,Utopía  ,Si,Abierto todo el año.,No pedir tarifas,Payró y Juan de Garay,(02255) 45-0700,5492255600778 / 5491162238563,48
VG,,Parque Bonito Anexo,No,No figura en web.,,Avenida Buenos Aires N° 939,,,
MA,Apart Hotel,Verde y Azul  ,Si,Cerrado consultar en enero,,Copacabana y Calle 29,(02255) 45-2756,5492235240468,40
MDLP,Cabaña,Pehuen  ,Si,Abierto todo el año ,Sin contacto,Santa María e/ El Ceibo y Juan de Garay,,,36
VG,Hostería 1*,Pelícano,No,No figura en web.,,Avenida 3 N° 1460,,,
MDLP,Deptos con Servicios,Victoria  ,Si,Abierto todo el año.,,Delfín entre Alfonsina Storni y Virazón,(02255) 46-6463,5491163503746,28
LG,Cabaña,Vientos de Mar  ,Si,Abre en diciembre.,,Calle 29 e/ Mar del Plata y Mar Azul,No posee,5491151132012,30
MDLP,Departamentos con servicios,Villa Agostina,Si,Abierto todo el año.,,Corvina N° 52 entre Mercedes Sosa y J.V. Gonzalez,(02255) 47-8406,5491144361839,80
CM,Cabañas 1* ,Villa Faraz  ,Si,"Cerrado, abre en septiembre/ les sale muy caro calefaccionar.",,Paseo 169 y Playa,(02255) 45-7934,5491136199683,27
LG,Apart Hotel,Pinares del Mar ,Oculto,Oculto en web.,,Mar del Plata e/ Calle 42 y 43,(02255)47-9661/7,,127
VG,Hotel 1*,Pino Azul  ,Si,Cerrado hasta nuevo aviso.,,Avenida 8 Nº 628 e/ Paseos 106 y 107,(02255) 46-3160,5491168122129,40
MDLP,Apart Hotel 3*,Village de las Pampas  ,Si,Abierto todo el año.,, Corvina N° 33 e/ Joaquín V. González y Mercedes Sosa,No posee.,5492255416128 / 5491170216426,80
VG,Sin categorizar,Playa Hotel  ,Oculto,Oculto en web.,,Alameda 205 y Calle 303,(02255) 45-4570 /4770 ,5492255505900,127
MA,Apart Hotel,Ville Larus  ,Si,,,Calle 32 y Mar Azul,(02255) 46-6245,5491133301650,150
MDLP,Apart Hotel,Plenilunio,Si,,Sin contacto,Cuyo N° 43,,,
MA,Apart Hotel 3* superior,Viñas del Mar  ,Si,Abierto todo el año.,,Mar Azul N° 531 entre Calles 32 y 33,(02255) 47-4138,5491155790886,46
MDLP,Departamentos con servicios,Virazón Suites ,Si,Abierto todo el año.,,Victoria N° 100 e/ Mercedes Sosa y Cortada ,(02255) 47-6894,5491149496679/ 5491154958004,50
MA,Apart Hotel,Vitraux  ,Si,Abre el 27/12,,Mar del Plata e/ Calle 33 y 34,(02255) 45-8536,5491159625525,32
MDLP,Cabaña,Viva Zapata  ,Si,Abierto todo el año.,,Los Andes e/ Mercedes Sosa y Limay, (02255) 45-7585 /46-6495,5492255625975/ 5492255411025,45
VG,Hotel 3*,A.C.A. (B-6)  ,Si,Abierto todo el año.,,Avenida 1 e/ Paseos 112 y 113,(02255) 46-2272 / 2960,5492255419574,95
VG,Hostería 3*,Actinia ,Si,Abierto todo el año.,,Avenida 3 Nº 2084 y Paseo 121,(02255) 46-3103 / 7825,5492267522224,35
VG,Hospedaje,Albert  ,Si,"Cierra el 05/05, reabre en Nov..",,Avenida 4 Nº 1402 y Paseo 114,(02255) 46-2049,5491144012793,63
VG,Hotel 3*,Alfa  ,Si,Abre el 29 de diciembre.,,Paseo 106 Nº 306 y Avenida 3,(02255) 46-2601/501,5492235944039/ 5491141931052,66
VG,Hostería 3*,Alpina  ,Si,Abre en diciembre,,Calle 307 Nº 609 y Alameda 206,(02255) 45-8066 / 47-0401,5491125593313,38
VG,Apart Hotel 2*,Amabile Sul Mare  ,Si,Abierto todo el año.,,Avenida 1 y Paseo 129,(02255) 46-6225,5491164259955,81
VG,Hotel 3* superior,Aren@rena  ,Si,Abierto todo el año.,,Paseo Costanero y Paseo 118,(02255) 46-2111,5492255404481,65
VG,Hotel 3*,Arraial  ,Si,Abre en diciembre,,Avenida 3 y Paseo 135 Nº 3496,(02255) 46-6116,5491149751491,54
VG,Sin categorizar,Bel Mar  ,Si,Reabre en octubre.,,Avenida 1 Nº 371 e/ Paseos 103 bis y 104,(02255) 47-2344/ 46-2307,,56
VG,Hotel 4*,Cap Arcona  ,Si,Abre en diciembre,,P. Costanero Nº 1749 e/ Paseos 117 y 118,(02255) 46-2209 / 2954,5492255462209,150
VG,Hotel 3*,Capri Hotel Deportes,Si,Abre el 26 diciembre,,Paseo 108 e/ Avenidas 1 y 2,(02255) 46-2234,5492255607112,60
VG,Hostería 3*,Casagrande (Hostal Casagrande)  ,Si,Abre en enero.,,Avenida 3 Nº 3313 y Paseo 133,(02255) 46-6263,5491149492332 / Karina (privado) 1151021779 ,30
VG,Hostel,Che Viajero  ,Si,Abre en octubre,,Avenida 4 Nº 425 e/ Paseos 104 y 105,(02255) 46-2326,5492267468166 / 5492267536253 ,69
VG,Hotel 2*,Pourally,No,No figura en web.,,Avenida 3 y Paseo 134,(02255) 46-6160,,
VG,Sin categorizar,Cheval Blanc  ,Si,Abre el 26 de diciembre,, Avenida 3 Nº 265 y Paseo 125,(02255) 46-2452,,70
VG,Hotel 4*,Coliseo  ,Si,"Abre en diciembre.
",,Avenida 1 y Paseo 107,(02255) 46-2955 / 3420 / 3165,5492255625997,280
VG,Sin categorizar,Costa Bonita  ,Si,Abierto todo el año,,Avenida 4 Nº 684 e/ Paseos 106 y 107,(02255) 46-2457,5492255419080,60
VG,Apart Hotel,De la Plaza ,Si,Abierto todo el año.,,Avenida 2 Nº 370 e/ Paseos 103 y 104,(02255) 46-8793 / 46-8724,5492255551686,60
VG,Hotel 3*,De la Plaza   ,Si,Abierto todo el año.,,Avenida 2 Nº 370 e/ Paseos 103 y 104,(02255) 46-8793 / 46-8724,5492255551686,54
VG,Hotel 4*,Delfín Azul  ,Si,Abre en T.A.,,Paseo 104 Nº 459 e/ Avenidas 4 y 5,(02255) 46-2521 / 7715,5491167031122,90
VG,Hotel 3*,Don Carlos  ,Si,Cerrado h. 17/08,,Avenida 3 Nº 191 y Paseo 102,(02255) 46-2398,5492255608030 / 5492235759347,90
VG,Apart Hotel,Eighteen  ,Si,Abierto todo el año.,,Avenida Costanera Nº 722 e/ Paseos 107 y 108,(02255) 46-6222,5491154846766,66
VG,Hospedaje,El Galeón  ,Si,Abre el 01/ 12,,Avenida 5 Nº 834,(02255) 45-3785,5491135426682,104
VG,Hotel 3*,El Velero ,Si,Abierto todo el año.,,Avenida 3 Nº 310 e/ Paseos 102 y 104,(02255) 46-2256,5492255629705,130
VG,Camping,Europa  ,Si,Abierto todo el año,No pedir tarifas,Calle 304 Nº 1370,(02255) 45-8292,5491154623558 / 5492255413415 ,100
VG,Hotel 4*,Fonte Arcada  ,Si,Abierto todo el año.,, Avenida 1 Nº 839 e/ Paseos 108 y 109,(02255) 47-4700/ 1 / 5491131416552  ,5492255621309,80
VG,Hostería 3*,Fusine  ,Si,Abierto todo el año.,,Paseo 108 Nº745 e/ Avenidas 7 y 8 ,(02255) 46-2674/ 8174,5492255412446,30
VG,Hostería 3*,Gran Danés ,Si,,,Paseo 126 Nº 132 e/ Avenidas 1 y 2, (02255) 46-2703,5491128574379,52
VG,Hostería 3*,Helen del Bosque ,Si,Abierto T.A. y FDSL  ,,Alameda 203 Nº 70 e/ Av. Buenos Aires y Pinar del Norte, (02255) 46-8425,5492255416392 / 5492255505449 ,45
VG,Hostería 3*,Kaiken I  ,Si,Abre en octubre,,Avenida 2 Nº 2077 y Paseo 121,(02255) 46-2791 / 7830,5491137029905/ 5491131961332,47
VG,Hostería 3*,Kaiken II  ,Si,Abre en octubre,,Avenida 2 Nº 2047 y Paseo 121,(02255) 45-3503 /4,5491136412194,50
VG,Hotel 3*,La Posada del Sol  ,Si,Abre en octubre y luego en diciembre,,Avenida 4 Nº 642 e/ Paseos 106 y 107,(0225) 46-2086,5491157334838,85
VG,Apart Hotel,Laberinto Gesell  ,Si,Abierto todo el año.,,Avenida 1 Nº 2952,(02255) 46-6779,5492255624597,72
VG,Hospedaje,Los Cedros ,Si,"Cerrado, abre el 01/01",,Calle 304 Nº 1164  e/ Boulevard Norte y Alameda 212, (02255) 45-8211,5491161974185,26
VG,Hospedaje,Los Médanos  ,Si,Cierra 20/04 y abre los fines de semana largos.,,Avenida 5 Nº 549 e/ Paseos 105 y 106,(02255) 46-3205,5492255506913,42
VG,Apart Hotel,Los Tritones  ,Si,Abre en octubre.,,Paseo 132 y Playa,(02255) 46-6105,5492255626525,100
CM ,Apart Hotel,Marina de las Pampas ,Si,Abierto en T.A.,,Paseo 162 y Avenida 3,(02255) 47-8452,5492255480468 / 5492255485379,64
VG,Departamentos con servicios,Marina Green  ,Si,Abre en octubre,,Paseo 149 entre Avenidas 1 y 2,(02255) 47-4505,5492325689553,65
VG,Hotel 2*,Marino  ,Si,Abre el 01/12,,Paseo 112 N° 96 y Avenida 1,(02255) 46-2436,5492255554145,62
VG,Hotel 2*,Mariska  ,Si,Abre en enero,,Avenida 1 Nº 3046 e/ Paseos 130 y 131,(02255) 46-6643,5491161776287,37
VG,Apart Hotel 4*,Medamar Club Apart Suites & Spa  ,Si,Abierto todo el año.,,Avenida 1 Nº 280 e/ Av. Buenos Aires y Paseo 103,(02255) 46-8694,5491153051106 / 5491154515114,118
VG,Sin categorizar,Merimar  ,Si,Cerro el 08/03 Abre el 12 diciembre.,,Paseo 107 Nº 21 y Paseo Costanero,(02255) 46-2539 / (02255) 46-2243,5491133512689,100
VG,Apart Hotel,Mis Soles,No,No figura en web.,,Avenida 1 N° 4413,(02255) 46-6010, 5492255507112 /5491133224330,40
VG,Hotel 1*,Molise  ,Si,"Cerró 28/02, reabre 27/12.",,Paseo 142 e/ Avenidas 2 y 3,(02255) 47-5442,,53
VG,Gremial,S.U.T.E.R. y H. ,Oculto,Oculto en web.,,Avenida 2 Nº 745,(02255) 46-2442,,85
VG,Hotel 2*,Mon Amour  ,Si,Abre en diciembre.,,Avenida 1 Nº 1730 e/ Paseos 117 y 118,(02255) 46-2439,5493413619887,120
VG,Sin categorizar,Norte Hotel   ,Si,Abre fin de año,,Alameda 205 Nº 644 e/ Calles 304 y 307,(02255) 45-8041,5491151636442,60
VG,Sin categorizar,Novi Zagreb ,Si,Abierto todo el año./ abre el 25/12,,Alameda 206 bis e/ Calles 306 y 307, (02255) 45-8040,5491136709154,18
VG,Apart Hotel,Saint Michel  ,Oculto,Oculto en web.,,Paseo 108 Nº 163 e/ Avenidas 1 y 2,(02255) 45-5502/03 int. 102,,50
VG,Apart Hotel,Octógono  ,Si,Abierto todo el año,,Alameda 202 Nº 60,(02255) 46-0621 / 8390,5492267533706,76
VG,Apart Hotel 4*,Olas Apart  ,Si,Abierto todo el año,,Avenida 1 Nº 334 e/ Paseo 103 y 103 bis,(02255) 47-0944 / 47-3144,5492255406652 / 5492255404403,48
VG,Apart Hotel,Parada 47 ,Si,Abierto todo el año.,,Paseo 147 y Playa,(02255) 47-5600,5492255435441/ 5492267676531/ 5492255409445  ,70
VG,Hospedaje 1*,San Marino,No,No figura en web.,,Paseo 106 N° 533,(02255) 46-2436,,
VG,Hotel 3* superior,Parque Bonito - Colonia de Vacaciones del Banco Provincia ,Si,Abierto todo el año.,, Alameda 208 Nº 291 e/ Calle 303 y Av. Buenos Aires,(02255) 45-8159 / 62 ,5492255420577,402
VG,Hotel 3* superior,Pleno Sol  ,Si,Abre en noviembre.,,Avenida 1 y Paseo 104,(02255) 46-8775,5492255623413,59
VG,Sin categorizar,Posada de la Ballena  ,Si,Abre el 19 de diciembre.,,Avenida 1 Nº 1965 e/ Paseos 119 y 121,(02255) 46-2862,5491150124707/ 5491156094502,65
VG,Hotel 2*,Posada de la Villa  ,Si,Abierto todo el año.,,Paseo 125 Nº 182 e/ Avenidas 1 y 2,(02255) 46-4855,5491144068773,63
VG,Hospedaje,Residencial Viya  ,Si,Abierto todo el año.,,Avenida 5 Nº 582 e/ Paseos 105 y 106,(02255) 46-2757,5492255602931 / 5492255505581,40
VG,Hotel 1*,Silmar,No,No figura en web.,,Avenida 3 N° 3773,(02255) 47-6065,5491125765278,
VG,Hotel 2*,Silvana  ,No,No figura en web.,,Avenida 3 Nº 1171 e/ Paseos 111 y 112,(02255) 46-2597,,80
MDLP,Cabaña,Simplemente  ,Si,,Sin contacto,Victoria entre Mercedes Sosa y Virazón,,,64
VG,Sin categorizar,Rideamus  ,Si,Reabre en octubre.,,Avenida 2 Nº 758 e/ Paseos 107 y 108,(02255) 46-2307,,110
VG,Hotel 3*,Riviera  ,Si,Reabre en octubre.,,Avenida 1 Nº 718 e/ Paseos 107 y 108,(02255) 46-2217 / 2763,5492255416104,80
VG,Hostería 1*,Robert ,Si,Abierto todo el año.,,Paseo 109 Nº 330 e/ Avenidas 3 y 4,(02255) 46-1937,5491165259723,31
VG,Sin categorizar,Sahara  ,Si,Abre el 20 diciembre.,No pedir reservas,Paseo 112 Nº 256 e/ Avenidas 1 y 3,(02255) 46-2208,5492255622030,94
VG,Hostería 3*,Sajonia  ,Si,Abre en dicembre.,,Alameda 201 Nº 51 e/ Av. Buenos Aires y Calle 301,(02255) 46-8606,5492255426239,36
VG,Hostería 4*,San Marcos  ,Si,Abre el 19/12,,Avenida 1 Nº 418 e/ Paseos 104 y 105,(02255) 46-2232,5491132704631,55
VG,Hostería 2*,Santa Bárbara  ,Si,abre el 29 diciembre.,,Avenida 1 Nº 938 e/ Paseos 109 y 110,(02255) 46-3143,5492255425405,60
VG,Departamentos con servicios,Senderos  ,Si,Consultar el finde largo de agosto.,,Alameda 206 y Calle 311,(02255) 45-8090,5492267523788,68
VG,Sin categorizar,Smyrna  ,Si,Reabre en diciembre.,,Paseo 109 Nº 66 e/ Paseo Costanero y Avenida 1,(02255) 45-3000,5492255620901,72
VG,Hostería 1*,Summer,No,No figura en web.,,Paseo 119 N° 260,,5491144180852,
VG,Sin categorizar,Spileon  ,Si,Abre el 28/12,,Paseo 113 Nº 255 e/ Avenidas 1 y 3,(02255) 46-7809 / 7761,5492235031971,100
VG,Sin categorizar,Tamanacos  ,Si,Abierto todo el año.,,Paseo 103 bis Nº 84 y Avenida 1,(02255) 46-8753,5492255405341,43
VG,Hotel 3* superior,Tejas Rojas ,Si,Abierto T.A.,,Paseo Costanero Nº 848 e/ Paseo 108 y 109,(02255) 46-2221 / 2565 /5492255415134 ,5492255412635,100
VG,Hotel 3*,Teomar  ,Si,Cerrado desde el 15/03 hasta 26 diciembre.,,Avenida 4 y Paseo 104 N° 400,(02255) 46-2310 /3140,5492255600058,83
VG,Hotel 4*,Tequendama  ,Si,Abierto todo el año.,,Paseo 109 Nº 59 e/ Playa y Avenida 1,(02255) 46-2829 / 6800,5492255485201,40
VG,Hotel 4*,Terrazas Club  ,Si,Abierto T.A.,,Avenida 2 e/ Paseos 104 y 105,(02255) 46-3214 / 2181,5491161700659,230
VG,Apart Hotel,Terrazas Playa  ,Si,Abre en octubre,,Playa e/ Paseos 145 y 146,(02255) 47-0522 / 6432,5492254620307,200
VG,Hotel 2*,Tiburones Club  ,Si,Cierra 05/03 y reabre en Semana Santa y luego cierra hasta diciembre.,, Paseo 129 Nº 151 e/ Avenidas 1 y 2,(02255) 46-6342 / 7955,5493704720277,65
VG,Apart Hotel,Torre del Sol  ,Si,Abre en octubre,,Playa e/ Paseos 131 y 132,(02255) 46-6630 / 0521,5492255410023,110
VG,Hotel 2*,Villa del Sol ,Si,"Cierra 28/02, abre para S.S./ vacaciones de invierno. el 17/08 deja abierto despues de octubre.",,Avenida 3 Nº 1469 e/ Paseos 114 y 115,(02255) 46-7781,5492267449998,75
VG,Hotel 2*,Vireo  ,Si,Cierra después de Semana Santa y reabre los fines de semana largos y en vacaciones de invierno.,,Avenida 3 Nº 2273 e/ Paseos 121 y 123,(02255) 46-2796,5492267536578,56
VG,Hotel,Vista  ,Si,Abierto todo el año.,,Paseo 137 y Playa,(02255) 46-6162,5492255424040,48
VG,Hostería 3*,Walkirias,Si,Cerrado hasta octubre.,,Paseo 102 Nº 147 e/ Avenida 2 y Buenos Aires,(02255) 46-8862,5491179400011,122
VG,Hostería 1*,Ymaz  ,Si,Cerrado h. septiembre.,,Avenida 2 Nº 4043 e/ Paseos 140 y 141,(02255) 46-5545,5491123109314,38
VG,Sin categorizar,Zodíaco  ,Si,"Cerrado, abre en 22/12",,Avenida 2 Nº 738 e/ Paseos 107 y 108,(02255) 46-2015,5491149147985,37
VG,Sin categorizar,"21 de septiembre (A.T.S.A.) 
",Si,Abierto todo el año. ,"No pedir reservas, No pedir tarifas, No pedir diponibilidad, Llamar los sabados",Avenida 3 Nº 3546 e/ Paseos 135 y 136,(02255) 46-8219,Consultar ocupación sábados y cargarla también el miércoles.,68
VG,Cabaña,Rio Tea ,Si,Abierto todo el año.,Sin contactos,Avenida 4 Nº 833,,,25
VG,Hotel 1*,Acuarium  ,Si,Cerro el 15/03 Abre el 31/12,,Paseo 139 e/ Avenidas 1 y 2,(02255) 47-6071,No posee,91
VG,Apart Hotel,Alamos (Ex. El Remanso)  ,Si,Abierto todo el año.,,Avenida 3 N° 3450,(02255) 47-7800,,31
VG,Apart Hotel,Alhambra  ,Si,Abierto T.A.,,Paseo 117 N° 158 e/ Avenidas 1 y 2,(02255) 45-7615 / 1147324490,5491135017643,126
VG,Sin categorizar,Aloha  ,Si,Abierto T.A.,,Paseo 104 Nº 185 e/ Avenidas 1 y 2,(02255) 45-4542,,51
VG,Apart Hotel,Altavista  ,Si,Abierto todo el año. ,,Avenida 1 e/ Paseos 150 y 151,(2255) 45-3557,,100
LG,Cabaña,Ciromarino  ,Si,Abierto todo el año,No es la caracteristica del fijo,Mar Azul y Calle 30,(02255) 45-6929,,70
LG,Cabaña,El Sosiego ,Si,Abierto todo el año.,No es la caracteristica del fijo ,Calle 33 Nº 30,(02255) 47-8604,,22
LG,Cabaña,El Sosiego II ,Si,Abierto todo el año.,No es la caracteristica del fijo ,Calle 33 Nº 41,(02255) 47-8604,,12
VG,Sin categorizar,Arenas - Sindicato de empleados de Comercio de San Martín,Si,Abierto todo el año.,No pedir tarifas,Avenida 2 Nº 1488 y Paseo 115,(02255) 46-2345,,50
VG,Hotel 3*,Venezia I  ,Oculto,Oculto en web.,,Avenida 1 Nº 772 e/ Paseos 107 y 108,(02255) 46-2231,,67
VG,Sin categorizar,Argentina Justa - Sindicato del Seguro  ,Si,Abierto T.A. / Abre en diciembre.,,Avenida 1 e/ Paseos 129 y 130,(02255) 46-6328,,166
VG,Hotel 3*,Asociación Bancaria ,Si, Cerrado h. la 2 semana de Diciembre.,Llamar los domingos,Avenida 1 y Paseo 117,(02255) 46-2659 / 2258,no llamar los sabados.,120
VG,Hotel 4*,Austral ,Si,Abre en diciembre.,,Calle 306 y Playa,(02255) 45-8050 ,,110
VG,Hotel 4*,Bahía  ,Si,Abre en octubre,,Avenida 1 Nº 855 e/ Paseos 108 y 109,(02255) 46-2838 / 0838 //2255 620097/ 2255608925,,100
VG,Hotel 2*,Bismarck ,Si,Abierto T.A.,,Avenida 1 y Paseo 142 Nº 4158,(02255) 47-6078/0278 ,No posee.,79
VG,Apart Hotel,Colonial - 11 de Noviembre (Personal Legislativo)  ,Si,Abierto T.A. / Cerrado h. 08/12,,Av. Buenos Aires Nº 755 e/ Avenidas 7 y 8,(02255) 47-2648,,80
VG,Hostería 1*,El Faro  ,Si,Abierto T.A.,,Avenida 3 Nº 1075 e/ Paseos 110 Bis y 111,(02255) 46-2259,,66
VG,Sin categorizar,El Quijote - Sindicato de Empleados de Comercio de Zona Norte  ,Si,Abierto todo el año.,"No pedir reservas, No pedir tarifas/ Llamar por la mañana ",Avenida 2 Nº 1573 e/ Paseos 115 y 116,(02255) 47-2964,Llamar por la mañana,58
VG,Hotel 4*,Gran International  ,Si,Abierto todo el año.,,Avenida 1 Nº 303 y Paseo 103,(02255) 46-8672 / 6878 / 2255413558 ,,58
VG,Hospedaje,Villa Gesell  ,Oculto,Oculto en web.,,Avenida 3 Nº 812 e/ Paseos 108 y 109,(02255) 46-6368,5492255426978,20
VG,Apart Hotel,Granada Apart Hotel,Si,"Cerrado, reabre en diciembre.",,Avenida 1 Nº 2975,(02255) 46-6668,,16
VG,Hotel 2*,Horizonte (Nuevo Horizonte)  ,Si,,no quiere dar info de ocupacion,Avenida 1 Nº 1863 e/ Paseos 118 y 119,(02255) 46-2294,,65
VG,Hotel 3*,International ,Si,Abierto T.A.,, Paseo 103 Nº 56 e/ Paseo Costanero y Avenida 1,(02255) 46-8747,,100
VG,Sin categorizar,Iris  ,Si,"Cerrado toda la temporada
2024/25",,Avenida 6 Nº 176 e/ Paseos 101 y 102,(02255) 46-0797,,21
VG,Camping,La Arboleda  ,Si,Abierto T.A. ,,Paseo 107 Nº 551 e/ Avenidas 5 y 6,(02255) 46-2634,,120
VG,Hostel,La Soñada,Si,Abierto T.A. y fdsl,,Paseo 109 Nº 489,(02255) 45-8479,,33
VG,Cabaña,Lejanías ,Si,Abierto T.A.,,Calle 311 e/ Alamedas 201 y 205, (02255) 47-2766,,32
VG,Hotel 2*,Lincoln ,Si,Abierto T.A.,,Avenida 1 Nº 299 y Paseo 103,(02255) 46-2725,,63
VG,Sin categorizar,Mar de Luna ,Si,Cerrado h. octubre,,Alameda 201 e/ Calle 308 y 309,(02255) 47-2793,,40
VG,Hosteria 2*,Olimpo ,Si,Abre el 26 diciembre.,,Paseo 119 Nº 292 y Avenida 3, (02255) 46-2216,,49
VG,Hostería 3*,Querandí  ,Si,Abierto T.A.,,Avenida 1 Nº 2650 y Paseo 126,(02255) 46-2707/ 2255620200 ,,40
VG,Hotel 1*,Royal  ,Si,Abierto todo el año. ,No enviar whatsApp,Avenida 3 e/ Paseos 110 y 111 Nº 1077,(02255) 46-2411,No enviar wpp.,55
VG,Hostería 1*,Saint Germain  ,Si,Abre en T.A. el 1 de enero,,Paseo 119 Nº 82 y Avenida 1,(02255) 46-2055,,27
VG,Sin categorizar,Sayonara  ,Si,,,Avenida 2 y Paseo 119,(02255) 46-2619,,80